book_id,title,author,category
1,Ahead similar,Michelle Alvarez,Technology
2,Think,Dorothy Boone,Technology
3,Budget decide,Sheri Baldwin,Technology
4,Actually ever concern,Chase Miller,Art
5,American,John Alvarez,Fiction
6,Ball listen already,Jeffrey Jones,Biography
7,Open morning serve arm,Andrea Duran,Fantasy
8,Provide area important,John Reyes,Art
9,Detail tend little,Daniel Shepherd,Technology
10,Matter any,Jordan Green,Technology
11,Congress bed share,Brandon Smith,Technology
12,War certain,Bryan Riggs,Art
13,Film,Tina Jones,Biography
14,Beautiful PM,Lisa Wilson,Biography
15,Month instead technology,Shane Nunez,Biography
16,Market single half,Erica Morris,Fantasy
17,Stand cut various,Kyle Arroyo,History
18,Body free everyone,Anthony Sanchez,Lifestyle
19,Lose spend raise coach,John Whitney,Lifestyle
20,Between hundred,Austin Wheeler,Science
21,Health eat,Anthony Williams,Lifestyle
22,Know,Ashley King,Science
23,Cup maintain,Tanner Schneider,Technology
24,List rich born,Robert Arnold,Science
25,Husband chance write,Kimberly Hicks,Fantasy
26,Ago million,Charles Brown,Art
27,Local where,Taylor Henderson,Art
28,Mrs truth right subject,Eric Johnson,Biography
29,Bill security off,Michael James,Fantasy
30,Clearly floor,Shannon Hill,Biography
31,Behind finally,Danielle Potts,Fantasy
32,Figure mother well,Cheryl Mills,Fiction
33,Modern near all,Daniel Sosa,Art
34,Record better,Javier Ellis,Technology
35,Pull wife land charge,April Sanchez,Technology
36,Some decide tonight,Danielle Trevino,Art
37,Home trouble bit,Alejandro Mendez,Fiction
38,Away contain,Elizabeth Jones,Fantasy
39,Major economic economy,Bradley Gilbert,Art
40,Through executive read,Larry Peters,Fiction
41,However military yes control,Jean Rodriguez,Science
42,Ability pay,Jacob Matthews,Biography
43,About age approach,Russell Williams,Technology
44,Important big,Katie Garcia,Fiction
45,Interesting society measure,Brian Smith,Fantasy
46,Painting either,Jennifer Ramirez,Lifestyle
47,Inside lawyer training,David Haas,Lifestyle
48,Yeah research,Theresa Castro,History
49,Save morning fast,Cody Watson,Fantasy
50,Tough similar market,Sean Ruiz,Fiction
51,Resource paper light,Elijah Carter,Technology
52,Environment opportunity,Lonnie Francis,Art
53,Security mother ever,Julie Webb,Technology
54,Ago paper,Donald Fisher,Biography
55,Relationship pay,Daniel Mcmillan,Fantasy
56,Mr we agency,Ashley Ray,Lifestyle
57,Short tax,Darrell Zavala,Fiction
58,Level consumer,Cynthia Shaw,Lifestyle
59,Suddenly sometimes,Steve Jackson,Biography
60,Him see,Richard Wolf,History
61,High strategy itself,Derrick Hernandez,Technology
62,Area age,Aaron Jackson,History
63,Organization seek find,David Hicks,Fiction
64,Have life stage,Brian Maldonado,Science
65,Daughter,Grant Paul,History
66,Go career,Sarah Gaines,Biography
67,Pull student,Jessica Jones,Fiction
68,Possible couple authority,Mark Smith,Biography
69,Management today,Aaron Clements,Biography
70,Into detail put,Monica Santos,History
71,Position high theory,Rachel Sherman,Fiction
72,Newspaper parent,Oscar Black,Technology
73,None ball western end,Elizabeth Rubio,Lifestyle
74,Its hundred,Tammy Blake,History
75,Ready lay,Marissa Gardner MD,Science
76,Yet no,Jerry Scott,History
77,How better peace,Charles Clark,Technology
78,Form,Richard Reyes,Lifestyle
79,Leader,Brian Carter,Art
80,Will store,Paul Lane,Science
81,My enjoy safe,Theresa Norman,Fantasy
82,Series rate,Kendra Moore,Science
83,Both one,Christopher Morales,Fantasy
84,New because,Crystal Johnson,Fantasy
85,List big raise,Jillian George,Technology
86,Attorney consider weight call,Ronald Wells,Art
87,Fast statement,Lisa Vance,History
88,Time over,Melissa Mcdonald,Fantasy
89,Recently official offer,William Clark,Art
90,Decade lay,Samuel Robinson,Fantasy
91,Agreement each,Diana Brown,Fantasy
92,Major PM need sit,Jason Strickland,Science
93,Bar type,Cody Murray,Fantasy
94,Identify former effect,Kelly Lee,History
95,Evidence behavior above,Matthew Cole,Fiction
96,Early spend fall,Miss Susan Pena,Science
97,Trip happy movement,Stephanie Ellis,Art
98,Cut become,Katherine Flores,Biography
99,Kind usually,Tammy Hendricks,Technology
100,Material beautiful air,Samantha Edwards,Fantasy
